Person,Top Matches
Person_8,"Person_78 (score: 1.0), Person_72 (score: 0.99), Person_21 (score: 0.75), Person_71 (score: 0.62), Person_11 (score: 0.5)"
Person_11,"Person_21 (score: 1.0), Person_71 (score: 0.86), Person_72 (score: 0.82), Person_20 (score: 0.67), Person_8 (score: 0.5)"
Person_20,"Person_71 (score: 1.0), Person_11 (score: 0.75), Person_72 (score: 0.68), Person_21 (score: 0.61), Person_70 (score: 0.5)"
Person_21,"Person_11 (score: 1.0), Person_78 (score: 0.94), Person_72 (score: 0.75), Person_8 (score: 0.75), Person_20 (score: 0.5)"
Person_70,"Person_72 (score: 1.0), Person_71 (score: 0.79), Person_11 (score: 0.63), Person_20 (score: 0.6), Person_21 (score: 0.5)"
Person_71,"Person_20 (score: 1.0), Person_11 (score: 0.88), Person_72 (score: 0.63), Person_70 (score: 0.62), Person_8 (score: 0.5)"
Person_72,"Person_8 (score: 1.0), Person_70 (score: 0.94), Person_11 (score: 0.77), Person_21 (score: 0.59), Person_78 (score: 0.5)"
Person_78,"Person_8 (score: 1.0), Person_21 (score: 0.97), Person_72 (score: 0.77), Person_11 (score: 0.56), Person_71 (score: 0.5)"
Person_2,"Person_94 (score: 1.0), Person_86 (score: 0.89), Person_36 (score: 0.83), Person_48 (score: 0.8), Person_5 (score: 0.5)"
Person_5,"Person_94 (score: 1.0), Person_48 (score: 0.96), Person_62 (score: 0.73), Person_86 (score: 0.7), Person_2 (score: 0.5)"
Person_36,"Person_86 (score: 1.0), Person_62 (score: 0.86), Person_2 (score: 0.84), Person_94 (score: 0.77), Person_5 (score: 0.5)"
Person_48,"Person_5 (score: 1.0), Person_2 (score: 0.85), Person_94 (score: 0.75), Person_62 (score: 0.71), Person_86 (score: 0.5)"
Person_62,"Person_86 (score: 1.0), Person_94 (score: 0.9), Person_36 (score: 0.8), Person_5 (score: 0.75), Person_2 (score: 0.5)"
Person_86,"Person_62 (score: 1.0), Person_36 (score: 0.95), Person_2 (score: 0.8), Person_5 (score: 0.7), Person_94 (score: 0.5)"
Person_94,"Person_5 (score: 1.0), Person_62 (score: 0.9), Person_2 (score: 0.9), Person_36 (score: 0.66), Person_48 (score: 0.5)"
Person_9,"Person_65 (score: 1.0), Person_90 (score: 0.82), Person_49 (score: 0.61), Person_38 (score: 0.52), Person_74 (score: 0.5)"
Person_38,"Person_74 (score: 1.0), Person_49 (score: 0.68), Person_65 (score: 0.65), Person_9 (score: 0.58), Person_90 (score: 0.5)"
Person_49,"Person_54 (score: 1.0), Person_97 (score: 0.95), Person_90 (score: 0.86), Person_74 (score: 0.68), Person_38 (score: 0.5)"
Person_54,"Person_49 (score: 1.0), Person_74 (score: 0.95), Person_97 (score: 0.93), Person_90 (score: 0.76), Person_65 (score: 0.5)"
Person_65,"Person_9 (score: 1.0), Person_74 (score: 0.89), Person_90 (score: 0.67), Person_97 (score: 0.59), Person_38 (score: 0.5)"
Person_74,"Person_38 (score: 1.0), Person_65 (score: 0.9), Person_54 (score: 0.76), Person_97 (score: 0.58), Person_49 (score: 0.5)"
Person_90,"Person_97 (score: 1.0), Person_9 (score: 0.78), Person_49 (score: 0.78), Person_65 (score: 0.7), Person_38 (score: 0.5)"
Person_97,"Person_90 (score: 1.0), Person_49 (score: 0.77), Person_54 (score: 0.7), Person_74 (score: 0.62), Person_65 (score: 0.5)"
Person_10,"Person_66 (score: 1.0), Person_81 (score: 0.91), Person_53 (score: 0.84), Person_30 (score: 0.72), Person_44 (score: 0.5)"
Person_30,"Person_44 (score: 1.0), Person_10 (score: 0.69), Person_81 (score: 0.61), Person_53 (score: 0.51), Person_66 (score: 0.5)"
Person_44,"Person_30 (score: 1.0), Person_81 (score: 0.84), Person_53 (score: 0.66), Person_10 (score: 0.63), Person_66 (score: 0.5)"
Person_53,"Person_10 (score: 1.0), Person_81 (score: 0.97), Person_44 (score: 0.61), Person_30 (score: 0.56), Person_66 (score: 0.5)"
Person_66,"Person_10 (score: 1.0), Person_30 (score: 0.75), Person_53 (score: 0.74), Person_44 (score: 0.68), Person_81 (score: 0.5)"
Person_81,"Person_10 (score: 1.0), Person_44 (score: 0.95), Person_53 (score: 0.94), Person_30 (score: 0.82), Person_66 (score: 0.5)"
Person_7,"Person_26 (score: 1.0), Person_13 (score: 0.99), Person_22 (score: 0.89), Person_91 (score: 0.68), Person_57 (score: 0.5)"
Person_13,"Person_22 (score: 1.0), Person_7 (score: 0.83), Person_26 (score: 0.65), Person_91 (score: 0.62), Person_57 (score: 0.5)"
Person_22,"Person_13 (score: 1.0), Person_91 (score: 0.87), Person_57 (score: 0.72), Person_7 (score: 0.7), Person_26 (score: 0.5)"
Person_26,"Person_7 (score: 1.0), Person_91 (score: 0.99), Person_57 (score: 0.78), Person_13 (score: 0.68), Person_22 (score: 0.5)"
Person_57,"Person_91 (score: 1.0), Person_22 (score: 0.86), Person_26 (score: 0.84), Person_13 (score: 0.73), Person_7 (score: 0.5)"
Person_91,"Person_57 (score: 1.0), Person_22 (score: 0.95), Person_26 (score: 0.92), Person_13 (score: 0.73), Person_7 (score: 0.5)"
Person_16,"Person_82 (score: 1.0), Person_43 (score: 0.85), Person_58 (score: 0.69), Person_95 (score: 0.6), Person_69 (score: 0.5)"
Person_43,"Person_82 (score: 1.0), Person_16 (score: 0.94), Person_95 (score: 0.82), Person_58 (score: 0.8), Person_69 (score: 0.5)"
Person_58,"Person_95 (score: 1.0), Person_69 (score: 0.75), Person_82 (score: 0.53), Person_43 (score: 0.5), Person_16 (score: 0.5)"
Person_69,"Person_58 (score: 1.0), Person_95 (score: 0.88), Person_16 (score: 0.7), Person_82 (score: 0.68), Person_43 (score: 0.5)"
Person_82,"Person_16 (score: 1.0), Person_43 (score: 0.92), Person_95 (score: 0.79), Person_58 (score: 0.71), Person_69 (score: 0.5)"
Person_95,"Person_58 (score: 1.0), Person_82 (score: 0.7), Person_69 (score: 0.66), Person_43 (score: 0.64), Person_16 (score: 0.5)"
Person_1,"Person_88 (score: 1.0), Person_87 (score: 0.63), Person_55 (score: 0.5)"
Person_55,"Person_87 (score: 1.0), Person_88 (score: 0.69), Person_1 (score: 0.5)"
Person_87,"Person_88 (score: 1.0), Person_55 (score: 0.96), Person_1 (score: 0.5)"
Person_88,"Person_1 (score: 1.0), Person_87 (score: 0.96), Person_55 (score: 0.5)"
Person_14,"Person_59 (score: 1.0), Person_98 (score: 0.99), Person_51 (score: 0.87), Person_61 (score: 0.78), Person_40 (score: 0.5)"
Person_40,"Person_51 (score: 1.0), Person_98 (score: 0.93), Person_61 (score: 0.63), Person_59 (score: 0.55), Person_14 (score: 0.5)"
Person_51,"Person_98 (score: 1.0), Person_40 (score: 1.0), Person_61 (score: 0.8), Person_14 (score: 0.73), Person_59 (score: 0.5)"
Person_59,"Person_14 (score: 1.0), Person_61 (score: 0.91), Person_98 (score: 0.85), Person_51 (score: 0.78), Person_40 (score: 0.5)"
Person_61,"Person_98 (score: 1.0), Person_59 (score: 0.89), Person_51 (score: 0.89), Person_14 (score: 0.73), Person_40 (score: 0.5)"
Person_98,"Person_51 (score: 1.0), Person_61 (score: 0.94), Person_14 (score: 0.91), Person_40 (score: 0.83), Person_59 (score: 0.5)"
Person_18,"Person_39 (score: 1.0), Person_45 (score: 0.92), Person_47 (score: 0.5)"
Person_39,"Person_18 (score: 1.0), Person_45 (score: 0.56), Person_47 (score: 0.5)"
Person_45,"Person_47 (score: 1.0), Person_18 (score: 0.87), Person_39 (score: 0.5)"
Person_47,"Person_45 (score: 1.0), Person_18 (score: 0.74), Person_39 (score: 0.5)"
Person_6,"Person_12 (score: 1.0), Person_79 (score: 0.77), Person_34 (score: 0.67), Person_17 (score: 0.5)"
Person_12,"Person_79 (score: 1.0), Person_6 (score: 1.0), Person_17 (score: 0.69), Person_34 (score: 0.5)"
Person_17,"Person_12 (score: 1.0), Person_79 (score: 0.94), Person_34 (score: 0.94), Person_6 (score: 0.5)"
Person_34,"Person_79 (score: 1.0), Person_17 (score: 0.97), Person_12 (score: 0.88), Person_6 (score: 0.5)"
Person_79,"Person_12 (score: 1.0), Person_34 (score: 0.6), Person_17 (score: 0.57), Person_6 (score: 0.5)"
Person_24,"Person_92 (score: 1.0), Person_50 (score: 0.92), Person_37 (score: 0.66), Person_93 (score: 0.64), Person_25 (score: 0.5)"
Person_25,"Person_50 (score: 1.0), Person_93 (score: 0.89), Person_37 (score: 0.86), Person_24 (score: 0.57), Person_92 (score: 0.5)"
Person_37,"Person_25 (score: 1.0), Person_93 (score: 0.99), Person_50 (score: 0.86), Person_92 (score: 0.83), Person_24 (score: 0.5)"
Person_50,"Person_25 (score: 1.0), Person_24 (score: 0.93), Person_92 (score: 0.83), Person_37 (score: 0.8), Person_93 (score: 0.5)"
Person_92,"Person_24 (score: 1.0), Person_50 (score: 0.83), Person_37 (score: 0.78), Person_93 (score: 0.71), Person_25 (score: 0.5)"
Person_93,"Person_25 (score: 1.0), Person_37 (score: 0.95), Person_92 (score: 0.77), Person_24 (score: 0.71), Person_50 (score: 0.5)"
Person_32,Person_35 (score: nan)
Person_35,Person_32 (score: nan)
Person_27,"Person_52 (score: 1.0), Person_67 (score: 0.92), Person_64 (score: 0.5)"
Person_52,"Person_27 (score: 1.0), Person_67 (score: 0.86), Person_64 (score: 0.5)"
Person_64,"Person_67 (score: 1.0), Person_52 (score: 0.81), Person_27 (score: 0.5)"
Person_67,"Person_64 (score: 1.0), Person_27 (score: 0.58), Person_52 (score: 0.5)"
Person_33,"Person_83 (score: 1.0), Person_73 (score: 0.94), Person_99 (score: 0.71), Person_41 (score: 0.5)"
Person_41,"Person_83 (score: 1.0), Person_99 (score: 0.78), Person_73 (score: 0.55), Person_33 (score: 0.5)"
Person_73,"Person_83 (score: 1.0), Person_33 (score: 0.8), Person_99 (score: 0.62), Person_41 (score: 0.5)"
Person_83,"Person_73 (score: 1.0), Person_41 (score: 0.87), Person_33 (score: 0.86), Person_99 (score: 0.5)"
Person_99,"Person_41 (score: 1.0), Person_33 (score: 0.89), Person_73 (score: 0.87), Person_83 (score: 0.5)"
Person_19,"Person_100 (score: 1.0), Person_85 (score: 0.5)"
Person_85,"Person_100 (score: 1.0), Person_19 (score: 0.5)"
Person_100,"Person_85 (score: 1.0), Person_19 (score: 0.5)"
Person_4,"Person_31 (score: 1.0), Person_15 (score: 0.81), Person_68 (score: 0.81), Person_75 (score: 0.62), Person_80 (score: 0.5)"
Person_15,"Person_68 (score: 1.0), Person_4 (score: 0.72), Person_80 (score: 0.52), Person_75 (score: 0.5), Person_31 (score: 0.5)"
Person_31,"Person_4 (score: 1.0), Person_80 (score: 0.94), Person_75 (score: 0.85), Person_15 (score: 0.83), Person_68 (score: 0.5)"
Person_68,"Person_15 (score: 1.0), Person_4 (score: 0.86), Person_75 (score: 0.8), Person_80 (score: 0.64), Person_31 (score: 0.5)"
Person_75,"Person_80 (score: 1.0), Person_31 (score: 0.59), Person_68 (score: 0.58), Person_4 (score: 0.57), Person_15 (score: 0.5)"
Person_80,"Person_75 (score: 1.0), Person_31 (score: 0.87), Person_15 (score: 0.76), Person_4 (score: 0.74), Person_68 (score: 0.5)"
Person_28,"Person_63 (score: 1.0), Person_84 (score: 0.57), Person_60 (score: 0.5)"
Person_60,"Person_28 (score: 1.0), Person_63 (score: 0.58), Person_84 (score: 0.5)"
Person_63,"Person_28 (score: 1.0), Person_84 (score: 0.57), Person_60 (score: 0.5)"
Person_84,"Person_28 (score: 1.0), Person_63 (score: 0.7), Person_60 (score: 0.5)"
Person_29,"Person_46 (score: 1.0), Person_89 (score: 0.5)"
Person_46,"Person_29 (score: 1.0), Person_89 (score: 0.5)"
Person_89,"Person_46 (score: 1.0), Person_29 (score: 0.5)"
Person_42,"Person_96 (score: 1.0), Person_56 (score: 0.5)"
Person_56,"Person_42 (score: 1.0), Person_96 (score: 0.5)"
Person_96,"Person_42 (score: 1.0), Person_56 (score: 0.5)"
Person_3,"Person_23 (score: 1.0), Person_76 (score: 0.66), Person_77 (score: 0.5)"
Person_23,"Person_3 (score: 1.0), Person_77 (score: 0.6), Person_76 (score: 0.5)"
Person_76,"Person_77 (score: 1.0), Person_23 (score: 0.99), Person_3 (score: 0.5)"
Person_77,"Person_23 (score: 1.0), Person_76 (score: 0.99), Person_3 (score: 0.5)"
